qualtrics_id,instrument,tuning_step,pct_maj,explicit_rtg
1044403354,xylophone,1,0.75,4
1044403354,xylophone,2,0.75,4
1044403354,xylophone,3,0.375,4
1044403354,xylophone,4,0.5,4
1044403354,xylophone,5,0.5,4
1044403354,trumpet,1,0.625,2
1044403354,trumpet,2,0.5,2
1044403354,trumpet,3,0.5,2
1044403354,trumpet,4,0.625,2
1044403354,trumpet,5,0.5,2
1044403354,piano,1,0.75,3
1044403354,piano,2,0.375,3
1044403354,piano,3,1,3
1044403354,piano,4,0.625,3
1044403354,piano,5,0.5,3
1044403354,violin,1,0.875,2
1044403354,violin,2,0.5,2
1044403354,violin,3,0.875,2
1044403354,violin,4,0.875,2
1044403354,violin,5,0.625,2
1044403354,oboe,1,0.5,1
1044403354,oboe,2,0.125,1
1044403354,oboe,3,0.375,1
1044403354,oboe,4,0.5,1
1044403354,oboe,5,0.5,1
1067596379,xylophone,1,0,4
1067596379,xylophone,2,0,4
1067596379,xylophone,3,0.125,4
1067596379,xylophone,4,0.875,4
1067596379,xylophone,5,1,4
1067596379,trumpet,1,0.25,2
1067596379,trumpet,2,0.375,2
1067596379,trumpet,3,0.25,2
1067596379,trumpet,4,1,2
1067596379,trumpet,5,1,2
1067596379,piano,1,0,3
1067596379,piano,2,0,3
1067596379,piano,3,0,3
1067596379,piano,4,0.75,3
1067596379,piano,5,1,3
1067596379,violin,1,0,1
1067596379,violin,2,0,1
1067596379,violin,3,0,1
1067596379,violin,4,0.875,1
1067596379,violin,5,1,1
1067596379,oboe,1,0,2
1067596379,oboe,2,0.125,2
1067596379,oboe,3,0.125,2
1067596379,oboe,4,0.625,2
1067596379,oboe,5,1,2
1155580075,xylophone,1,0,4
1155580075,xylophone,2,0,4
1155580075,xylophone,3,0.5,4
1155580075,xylophone,4,1,4
1155580075,xylophone,5,0.875,4
1155580075,trumpet,1,0,3
1155580075,trumpet,2,0,3
1155580075,trumpet,3,0.25,3
1155580075,trumpet,4,1,3
1155580075,trumpet,5,1,3
1155580075,piano,1,0,3
1155580075,piano,2,0,3
1155580075,piano,3,0.375,3
1155580075,piano,4,1,3
1155580075,piano,5,1,3
1155580075,violin,1,0.125,2
1155580075,violin,2,0,2
1155580075,violin,3,0.375,2
1155580075,violin,4,0.875,2
1155580075,violin,5,1,2
1155580075,oboe,1,0,2
1155580075,oboe,2,0,2
1155580075,oboe,3,0.375,2
1155580075,oboe,4,0.875,2
1155580075,oboe,5,1,2
1176432322,xylophone,1,0,4
1176432322,xylophone,2,0.125,4
1176432322,xylophone,3,1,4
1176432322,xylophone,4,1,4
1176432322,xylophone,5,1,4
1176432322,trumpet,1,0,3
1176432322,trumpet,2,0,3
1176432322,trumpet,3,1,3
1176432322,trumpet,4,1,3
1176432322,trumpet,5,1,3
1176432322,piano,1,0,2
1176432322,piano,2,0,2
1176432322,piano,3,1,2
1176432322,piano,4,1,2
1176432322,piano,5,1,2
1176432322,violin,1,0,1
1176432322,violin,2,0,1
1176432322,violin,3,1,1
1176432322,violin,4,1,1
1176432322,violin,5,1,1
1176432322,oboe,1,0,2
1176432322,oboe,2,0,2
1176432322,oboe,3,0.875,2
1176432322,oboe,4,1,2
1176432322,oboe,5,1,2
1475084897,xylophone,1,0.75,4
1475084897,xylophone,2,0.875,4
1475084897,xylophone,3,0.875,4
1475084897,xylophone,4,0.875,4
1475084897,xylophone,5,0.375,4
1475084897,trumpet,1,0.25,3
1475084897,trumpet,2,0.125,3
1475084897,trumpet,3,0.375,3
1475084897,trumpet,4,0.625,3
1475084897,trumpet,5,0.5,3
1475084897,piano,1,0.375,2
1475084897,piano,2,0.5,2
1475084897,piano,3,0.375,2
1475084897,piano,4,0.875,2
1475084897,piano,5,1,2
1475084897,violin,1,0,1
1475084897,violin,2,0.375,1
1475084897,violin,3,0.25,1
1475084897,violin,4,0.375,1
1475084897,violin,5,0.5,1
1475084897,oboe,1,0,2
1475084897,oboe,2,0.25,2
1475084897,oboe,3,0.25,2
1475084897,oboe,4,0,2
1475084897,oboe,5,0,2
1588756489,xylophone,1,0.125,4
1588756489,xylophone,2,0.125,4
1588756489,xylophone,3,0.25,4
1588756489,xylophone,4,1,4
1588756489,xylophone,5,1,4
1588756489,trumpet,1,0.125,4
1588756489,trumpet,2,0.375,4
1588756489,trumpet,3,0.875,4
1588756489,trumpet,4,1,4
1588756489,trumpet,5,1,4
1588756489,piano,1,0.25,3
1588756489,piano,2,0.25,3
1588756489,piano,3,0.75,3
1588756489,piano,4,1,3
1588756489,piano,5,1,3
1588756489,violin,1,0,3
1588756489,violin,2,0.125,3
1588756489,violin,3,1,3
1588756489,violin,4,1,3
1588756489,violin,5,1,3
1588756489,oboe,1,0,3
1588756489,oboe,2,0.25,3
1588756489,oboe,3,0.5,3
1588756489,oboe,4,0.875,3
1588756489,oboe,5,1,3
1706631024,xylophone,1,0,1
1706631024,xylophone,2,0.25,1
1706631024,xylophone,3,0.375,1
1706631024,xylophone,4,0.875,1
1706631024,xylophone,5,1,1
1706631024,trumpet,1,0.25,2
1706631024,trumpet,2,0.125,2
1706631024,trumpet,3,0.5,2
1706631024,trumpet,4,0.875,2
1706631024,trumpet,5,1,2
1706631024,piano,1,0.125,3
1706631024,piano,2,0.125,3
1706631024,piano,3,0.75,3
1706631024,piano,4,1,3
1706631024,piano,5,0.75,3
1706631024,violin,1,0.125,2
1706631024,violin,2,0.125,2
1706631024,violin,3,0.375,2
1706631024,violin,4,0.75,2
1706631024,violin,5,1,2
1706631024,oboe,1,0,1
1706631024,oboe,2,0.125,1
1706631024,oboe,3,0.5,1
1706631024,oboe,4,0.75,1
1706631024,oboe,5,0.875,1
2077443174,xylophone,1,0.875,3
2077443174,xylophone,2,0.625,3
2077443174,xylophone,3,0.75,3
2077443174,xylophone,4,0.875,3
2077443174,xylophone,5,0.75,3
2077443174,trumpet,1,0.375,2
2077443174,trumpet,2,0.625,2
2077443174,trumpet,3,0.75,2
2077443174,trumpet,4,0.875,2
2077443174,trumpet,5,1,2
2077443174,piano,1,0.75,4
2077443174,piano,2,0.75,4
2077443174,piano,3,0.5,4
2077443174,piano,4,0.875,4
2077443174,piano,5,0.75,4
2077443174,violin,1,0.5,2
2077443174,violin,2,0.375,2
2077443174,violin,3,0.75,2
2077443174,violin,4,0.375,2
2077443174,violin,5,0.625,2
2077443174,oboe,1,0,1
2077443174,oboe,2,0.125,1
2077443174,oboe,3,0,1
2077443174,oboe,4,0,1
2077443174,oboe,5,0.125,1
2095686609,xylophone,1,0,2
2095686609,xylophone,2,0,2
2095686609,xylophone,3,0,2
2095686609,xylophone,4,1,2
2095686609,xylophone,5,1,2
2095686609,trumpet,1,0,3
2095686609,trumpet,2,0,3
2095686609,trumpet,3,0.125,3
2095686609,trumpet,4,0.875,3
2095686609,trumpet,5,0.75,3
2095686609,piano,1,0,2
2095686609,piano,2,0,2
2095686609,piano,3,0,2
2095686609,piano,4,0.5,2
2095686609,piano,5,1,2
2095686609,violin,1,0,2
2095686609,violin,2,0,2
2095686609,violin,3,0.125,2
2095686609,violin,4,0.625,2
2095686609,violin,5,1,2
2095686609,oboe,1,0,3
2095686609,oboe,2,0,3
2095686609,oboe,3,0.125,3
2095686609,oboe,4,0.875,3
2095686609,oboe,5,1,3
2334472117,xylophone,1,0,2
2334472117,xylophone,2,0.125,2
2334472117,xylophone,3,0.625,2
2334472117,xylophone,4,1,2
2334472117,xylophone,5,1,2
2334472117,trumpet,1,0,3
2334472117,trumpet,2,0,3
2334472117,trumpet,3,0.375,3
2334472117,trumpet,4,0.875,3
2334472117,trumpet,5,1,3
2334472117,piano,1,0,3
2334472117,piano,2,0,3
2334472117,piano,3,0.625,3
2334472117,piano,4,1,3
2334472117,piano,5,1,3
2334472117,violin,1,0,3
2334472117,violin,2,0,3
2334472117,violin,3,0.75,3
2334472117,violin,4,0.875,3
2334472117,violin,5,1,3
2334472117,oboe,1,0,3
2334472117,oboe,2,0,3
2334472117,oboe,3,0.5,3
2334472117,oboe,4,1,3
2334472117,oboe,5,1,3
2528622657,xylophone,1,0,3
2528622657,xylophone,2,0,3
2528622657,xylophone,3,0.25,3
2528622657,xylophone,4,1,3
2528622657,xylophone,5,1,3
2528622657,trumpet,1,0,2
2528622657,trumpet,2,0,2
2528622657,trumpet,3,0.875,2
2528622657,trumpet,4,1,2
2528622657,trumpet,5,0.875,2
2528622657,piano,1,0,3
2528622657,piano,2,0,3
2528622657,piano,3,0.375,3
2528622657,piano,4,0.875,3
2528622657,piano,5,1,3
2528622657,violin,1,0.125,3
2528622657,violin,2,0,3
2528622657,violin,3,0.375,3
2528622657,violin,4,1,3
2528622657,violin,5,1,3
2528622657,oboe,1,0.125,3
2528622657,oboe,2,0.125,3
2528622657,oboe,3,0.25,3
2528622657,oboe,4,1,3
2528622657,oboe,5,1,3
2701997442,xylophone,1,1,4
2701997442,xylophone,2,1,4
2701997442,xylophone,3,1,4
2701997442,xylophone,4,1,4
2701997442,xylophone,5,1,4
2701997442,trumpet,1,0.75,3
2701997442,trumpet,2,1,3
2701997442,trumpet,3,0.875,3
2701997442,trumpet,4,0.625,3
2701997442,trumpet,5,0.75,3
2701997442,piano,1,0.75,2
2701997442,piano,2,0.75,2
2701997442,piano,3,0.5,2
2701997442,piano,4,0.875,2
2701997442,piano,5,0.875,2
2701997442,violin,1,0.25,1
2701997442,violin,2,0.375,1
2701997442,violin,3,0.375,1
2701997442,violin,4,0.375,1
2701997442,violin,5,0.5,1
2701997442,oboe,1,0.75,2
2701997442,oboe,2,0.25,2
2701997442,oboe,3,0.125,2
2701997442,oboe,4,0.25,2
2701997442,oboe,5,0.125,2
2707228965,xylophone,1,0.875,4
2707228965,xylophone,2,1,4
2707228965,xylophone,3,1,4
2707228965,xylophone,4,1,4
2707228965,xylophone,5,1,4
2707228965,trumpet,1,0.125,3
2707228965,trumpet,2,0.25,3
2707228965,trumpet,3,0.625,3
2707228965,trumpet,4,0.875,3
2707228965,trumpet,5,0.5,3
2707228965,piano,1,0,2
2707228965,piano,2,0.25,2
2707228965,piano,3,0.125,2
2707228965,piano,4,1,2
2707228965,piano,5,0.75,2
2707228965,violin,1,0.25,1
2707228965,violin,2,0.875,1
2707228965,violin,3,0.625,1
2707228965,violin,4,1,1
2707228965,violin,5,0.75,1
2707228965,oboe,1,0.125,3
2707228965,oboe,2,0.375,3
2707228965,oboe,3,0.25,3
2707228965,oboe,4,0.25,3
2707228965,oboe,5,0.375,3
3023525743,xylophone,1,0,4
3023525743,xylophone,2,0,4
3023525743,xylophone,3,0.75,4
3023525743,xylophone,4,1,4
3023525743,xylophone,5,1,4
3023525743,trumpet,1,0,4
3023525743,trumpet,2,0,4
3023525743,trumpet,3,0.875,4
3023525743,trumpet,4,1,4
3023525743,trumpet,5,1,4
3023525743,piano,1,0,3
3023525743,piano,2,0,3
3023525743,piano,3,0.25,3
3023525743,piano,4,1,3
3023525743,piano,5,1,3
3023525743,violin,1,0,1
3023525743,violin,2,0,1
3023525743,violin,3,0.625,1
3023525743,violin,4,1,1
3023525743,violin,5,1,1
3023525743,oboe,1,0,2
3023525743,oboe,2,0,2
3023525743,oboe,3,0.625,2
3023525743,oboe,4,1,2
3023525743,oboe,5,1,2
3189001139,xylophone,1,0.625,3
3189001139,xylophone,2,0.5,3
3189001139,xylophone,3,0.375,3
3189001139,xylophone,4,0.875,3
3189001139,xylophone,5,0.5,3
3189001139,trumpet,1,0.5,3
3189001139,trumpet,2,0.625,3
3189001139,trumpet,3,0.75,3
3189001139,trumpet,4,0.75,3
3189001139,trumpet,5,0.5,3
3189001139,piano,1,0.375,2
3189001139,piano,2,0.25,2
3189001139,piano,3,0.125,2
3189001139,piano,4,0.625,2
3189001139,piano,5,0.875,2
3189001139,violin,1,0.125,1
3189001139,violin,2,0.25,1
3189001139,violin,3,0.5,1
3189001139,violin,4,0.375,1
3189001139,violin,5,0.5,1
3189001139,oboe,1,0.375,2
3189001139,oboe,2,0.5,2
3189001139,oboe,3,0.5,2
3189001139,oboe,4,0.25,2
3189001139,oboe,5,0.875,2
3192422879,xylophone,1,1,4
3192422879,xylophone,2,0.875,4
3192422879,xylophone,3,1,4
3192422879,xylophone,4,0.875,4
3192422879,xylophone,5,0.875,4
3192422879,trumpet,1,0.125,3
3192422879,trumpet,2,0.375,3
3192422879,trumpet,3,0.375,3
3192422879,trumpet,4,0.375,3
3192422879,trumpet,5,0.375,3
3192422879,piano,1,0.875,3
3192422879,piano,2,0.625,3
3192422879,piano,3,0.75,3
3192422879,piano,4,0.875,3
3192422879,piano,5,0.75,3
3192422879,violin,1,0.5,2
3192422879,violin,2,0.5,2
3192422879,violin,3,0.5,2
3192422879,violin,4,0.75,2
3192422879,violin,5,0.125,2
3192422879,oboe,1,0.25,3
3192422879,oboe,2,0.5,3
3192422879,oboe,3,0.625,3
3192422879,oboe,4,0.25,3
3192422879,oboe,5,0.5,3
3270768954,xylophone,1,0,4
3270768954,xylophone,2,0,4
3270768954,xylophone,3,0.375,4
3270768954,xylophone,4,1,4
3270768954,xylophone,5,1,4
3270768954,trumpet,1,0.125,2
3270768954,trumpet,2,0,2
3270768954,trumpet,3,0.625,2
3270768954,trumpet,4,1,2
3270768954,trumpet,5,1,2
3270768954,piano,1,0.125,3
3270768954,piano,2,0,3
3270768954,piano,3,0.5,3
3270768954,piano,4,1,3
3270768954,piano,5,1,3
3270768954,violin,1,0,2
3270768954,violin,2,0,2
3270768954,violin,3,0.5,2
3270768954,violin,4,1,2
3270768954,violin,5,1,2
3270768954,oboe,1,0,2
3270768954,oboe,2,0.125,2
3270768954,oboe,3,0,2
3270768954,oboe,4,0.75,2
3270768954,oboe,5,1,2
3566263097,xylophone,1,0,3
3566263097,xylophone,2,0,3
3566263097,xylophone,3,0,3
3566263097,xylophone,4,0.375,3
3566263097,xylophone,5,0.5,3
3566263097,trumpet,1,0.25,2
3566263097,trumpet,2,0.125,2
3566263097,trumpet,3,0.875,2
3566263097,trumpet,4,0.875,2
3566263097,trumpet,5,1,2
3566263097,piano,1,0,3
3566263097,piano,2,0,3
3566263097,piano,3,0.125,3
3566263097,piano,4,1,3
3566263097,piano,5,1,3
3566263097,violin,1,0,2
3566263097,violin,2,0,2
3566263097,violin,3,0,2
3566263097,violin,4,0.5,2
3566263097,violin,5,0.875,2
3566263097,oboe,1,0,2
3566263097,oboe,2,0.125,2
3566263097,oboe,3,0,2
3566263097,oboe,4,1,2
3566263097,oboe,5,1,2
3586902878,xylophone,1,0,3
3586902878,xylophone,2,0,3
3586902878,xylophone,3,0.75,3
3586902878,xylophone,4,1,3
3586902878,xylophone,5,1,3
3586902878,trumpet,1,0,3
3586902878,trumpet,2,0,3
3586902878,trumpet,3,0.25,3
3586902878,trumpet,4,1,3
3586902878,trumpet,5,1,3
3586902878,piano,1,0,4
3586902878,piano,2,0,4
3586902878,piano,3,0.125,4
3586902878,piano,4,0.875,4
3586902878,piano,5,1,4
3586902878,violin,1,0,2
3586902878,violin,2,0,2
3586902878,violin,3,0.5,2
3586902878,violin,4,1,2
3586902878,violin,5,1,2
3586902878,oboe,1,0,2
3586902878,oboe,2,0.125,2
3586902878,oboe,3,0.5,2
3586902878,oboe,4,1,2
3586902878,oboe,5,1,2
3600962747,xylophone,1,0,3
3600962747,xylophone,2,0,3
3600962747,xylophone,3,1,3
3600962747,xylophone,4,1,3
3600962747,xylophone,5,1,3
3600962747,trumpet,1,0,3
3600962747,trumpet,2,0,3
3600962747,trumpet,3,1,3
3600962747,trumpet,4,1,3
3600962747,trumpet,5,1,3
3600962747,piano,1,0,3
3600962747,piano,2,0,3
3600962747,piano,3,0.75,3
3600962747,piano,4,1,3
3600962747,piano,5,1,3
3600962747,violin,1,0,2
3600962747,violin,2,0,2
3600962747,violin,3,1,2
3600962747,violin,4,1,2
3600962747,violin,5,1,2
3600962747,oboe,1,0,3
3600962747,oboe,2,0,3
3600962747,oboe,3,0.75,3
3600962747,oboe,4,1,3
3600962747,oboe,5,1,3
3619423604,xylophone,1,0.75,3
3619423604,xylophone,2,0.75,3
3619423604,xylophone,3,0.875,3
3619423604,xylophone,4,0.75,3
3619423604,xylophone,5,1,3
3619423604,trumpet,1,0,3
3619423604,trumpet,2,0.375,3
3619423604,trumpet,3,0.375,3
3619423604,trumpet,4,0.625,3
3619423604,trumpet,5,0.625,3
3619423604,piano,1,0.625,3
3619423604,piano,2,0.5,3
3619423604,piano,3,0.625,3
3619423604,piano,4,0.875,3
3619423604,piano,5,0.875,3
3619423604,violin,1,0.25,2
3619423604,violin,2,0.75,2
3619423604,violin,3,0.5,2
3619423604,violin,4,1,2
3619423604,violin,5,0.75,2
3619423604,oboe,1,0,2
3619423604,oboe,2,0.375,2
3619423604,oboe,3,0.25,2
3619423604,oboe,4,0.25,2
3619423604,oboe,5,0.25,2
3869729575,xylophone,1,0.125,2
3869729575,xylophone,2,0.25,2
3869729575,xylophone,3,0.125,2
3869729575,xylophone,4,0.375,2
3869729575,xylophone,5,0.5,2
3869729575,trumpet,1,0.25,2
3869729575,trumpet,2,0.625,2
3869729575,trumpet,3,0.75,2
3869729575,trumpet,4,1,2
3869729575,trumpet,5,1,2
3869729575,piano,1,0.375,3
3869729575,piano,2,0.375,3
3869729575,piano,3,0.75,3
3869729575,piano,4,0.625,3
3869729575,piano,5,0.875,3
3869729575,violin,1,0.25,2
3869729575,violin,2,0.125,2
3869729575,violin,3,0.625,2
3869729575,violin,4,0.75,2
3869729575,violin,5,0.75,2
3869729575,oboe,1,0.25,2
3869729575,oboe,2,0.25,2
3869729575,oboe,3,0.5,2
3869729575,oboe,4,0.875,2
3869729575,oboe,5,0.875,2
3981943250,xylophone,1,0,3
3981943250,xylophone,2,0,3
3981943250,xylophone,3,0.375,3
3981943250,xylophone,4,1,3
3981943250,xylophone,5,1,3
3981943250,trumpet,1,0,3
3981943250,trumpet,2,0,3
3981943250,trumpet,3,0.625,3
3981943250,trumpet,4,1,3
3981943250,trumpet,5,1,3
3981943250,piano,1,0,2
3981943250,piano,2,0,2
3981943250,piano,3,0.25,2
3981943250,piano,4,1,2
3981943250,piano,5,1,2
3981943250,violin,1,0,2
3981943250,violin,2,0,2
3981943250,violin,3,0.25,2
3981943250,violin,4,1,2
3981943250,violin,5,1,2
3981943250,oboe,1,0.125,2
3981943250,oboe,2,0,2
3981943250,oboe,3,0.25,2
3981943250,oboe,4,0.875,2
3981943250,oboe,5,1,2
4358939887,xylophone,1,0.25,3
4358939887,xylophone,2,0.75,3
4358939887,xylophone,3,0.5,3
4358939887,xylophone,4,1,3
4358939887,xylophone,5,1,3
4358939887,trumpet,1,0.5,2
4358939887,trumpet,2,0.375,2
4358939887,trumpet,3,0.875,2
4358939887,trumpet,4,1,2
4358939887,trumpet,5,0.875,2
4358939887,piano,1,0.5,3
4358939887,piano,2,0.375,3
4358939887,piano,3,0.5,3
4358939887,piano,4,0.625,3
4358939887,piano,5,1,3
4358939887,violin,1,0.25,3
4358939887,violin,2,0.625,3
4358939887,violin,3,0.625,3
4358939887,violin,4,1,3
4358939887,violin,5,1,3
4358939887,oboe,1,0.125,2
4358939887,oboe,2,0.125,2
4358939887,oboe,3,0.375,2
4358939887,oboe,4,0.875,2
4358939887,oboe,5,1,2
4475978126,xylophone,1,0.625,4
4475978126,xylophone,2,0.875,4
4475978126,xylophone,3,0.875,4
4475978126,xylophone,4,1,4
4475978126,xylophone,5,1,4
4475978126,trumpet,1,0.125,3
4475978126,trumpet,2,0.5,3
4475978126,trumpet,3,0.625,3
4475978126,trumpet,4,0.5,3
4475978126,trumpet,5,0.375,3
4475978126,piano,1,0.625,4
4475978126,piano,2,0.375,4
4475978126,piano,3,0.5,4
4475978126,piano,4,0.625,4
4475978126,piano,5,0.625,4
4475978126,violin,1,0.125,3
4475978126,violin,2,0.25,3
4475978126,violin,3,0.5,3
4475978126,violin,4,0.375,3
4475978126,violin,5,0.375,3
4475978126,oboe,1,0.25,2
4475978126,oboe,2,0.375,2
4475978126,oboe,3,0.5,2
4475978126,oboe,4,0.75,2
4475978126,oboe,5,0.375,2
4721459480,xylophone,1,0,3
4721459480,xylophone,2,0.125,3
4721459480,xylophone,3,1,3
4721459480,xylophone,4,1,3
4721459480,xylophone,5,1,3
4721459480,trumpet,1,0,2
4721459480,trumpet,2,0,2
4721459480,trumpet,3,1,2
4721459480,trumpet,4,1,2
4721459480,trumpet,5,1,2
4721459480,piano,1,0,2
4721459480,piano,2,0,2
4721459480,piano,3,0.75,2
4721459480,piano,4,1,2
4721459480,piano,5,1,2
4721459480,violin,1,0,2
4721459480,violin,2,0,2
4721459480,violin,3,1,2
4721459480,violin,4,1,2
4721459480,violin,5,1,2
4721459480,oboe,1,0,2
4721459480,oboe,2,0,2
4721459480,oboe,3,0.5,2
4721459480,oboe,4,1,2
4721459480,oboe,5,1,2
5041247779,xylophone,1,0,3
5041247779,xylophone,2,0,3
5041247779,xylophone,3,0.5,3
5041247779,xylophone,4,1,3
5041247779,xylophone,5,1,3
5041247779,trumpet,1,0,2
5041247779,trumpet,2,0,2
5041247779,trumpet,3,0.25,2
5041247779,trumpet,4,0.75,2
5041247779,trumpet,5,0.875,2
5041247779,piano,1,0,3
5041247779,piano,2,0,3
5041247779,piano,3,0.125,3
5041247779,piano,4,0.875,3
5041247779,piano,5,1,3
5041247779,violin,1,0,1
5041247779,violin,2,0,1
5041247779,violin,3,0,1
5041247779,violin,4,0.625,1
5041247779,violin,5,0.875,1
5041247779,oboe,1,0,2
5041247779,oboe,2,0,2
5041247779,oboe,3,0.125,2
5041247779,oboe,4,0.75,2
5041247779,oboe,5,0.875,2
5099255339,xylophone,1,0.25,3
5099255339,xylophone,2,0.625,3
5099255339,xylophone,3,1,3
5099255339,xylophone,4,1,3
5099255339,xylophone,5,1,3
5099255339,trumpet,1,0.5,2
5099255339,trumpet,2,0.25,2
5099255339,trumpet,3,0.625,2
5099255339,trumpet,4,1,2
5099255339,trumpet,5,1,2
5099255339,piano,1,0,3
5099255339,piano,2,0.375,3
5099255339,piano,3,0.375,3
5099255339,piano,4,1,3
5099255339,piano,5,1,3
5099255339,violin,1,0.125,2
5099255339,violin,2,0.625,2
5099255339,violin,3,0.25,2
5099255339,violin,4,0.5,2
5099255339,violin,5,1,2
5099255339,oboe,1,0,2
5099255339,oboe,2,0,2
5099255339,oboe,3,0.125,2
5099255339,oboe,4,0.625,2
5099255339,oboe,5,0.875,2
5345399037,xylophone,1,0.375,2
5345399037,xylophone,2,0.25,2
5345399037,xylophone,3,0.125,2
5345399037,xylophone,4,0.625,2
5345399037,xylophone,5,0.875,2
5345399037,trumpet,1,0.375,4
5345399037,trumpet,2,0.625,4
5345399037,trumpet,3,0.5,4
5345399037,trumpet,4,0.625,4
5345399037,trumpet,5,0.625,4
5345399037,piano,1,0.25,2
5345399037,piano,2,0.5,2
5345399037,piano,3,0.5,2
5345399037,piano,4,0.5,2
5345399037,piano,5,0.625,2
5345399037,violin,1,0.25,2
5345399037,violin,2,0.375,2
5345399037,violin,3,0.375,2
5345399037,violin,4,0.5,2
5345399037,violin,5,0.5,2
5345399037,oboe,1,0.75,1
5345399037,oboe,2,0.625,1
5345399037,oboe,3,0.375,1
5345399037,oboe,4,0.5,1
5345399037,oboe,5,0.5,1
5405144116,xylophone,1,0,2
5405144116,xylophone,2,0.5,2
5405144116,xylophone,3,0.5,2
5405144116,xylophone,4,0.375,2
5405144116,xylophone,5,0.25,2
5405144116,trumpet,1,0.75,4
5405144116,trumpet,2,0.375,4
5405144116,trumpet,3,0.5,4
5405144116,trumpet,4,0.125,4
5405144116,trumpet,5,0.625,4
5405144116,piano,1,0.25,2
5405144116,piano,2,0.625,2
5405144116,piano,3,0.625,2
5405144116,piano,4,0.625,2
5405144116,piano,5,0.5,2
5405144116,violin,1,0.375,1
5405144116,violin,2,0.5,1
5405144116,violin,3,0.75,1
5405144116,violin,4,0.375,1
5405144116,violin,5,0.625,1
5405144116,oboe,1,0.5,3
5405144116,oboe,2,0.125,3
5405144116,oboe,3,0.625,3
5405144116,oboe,4,0.125,3
5405144116,oboe,5,0.125,3
5684042495,xylophone,1,1,3
5684042495,xylophone,2,0.75,3
5684042495,xylophone,3,0.875,3
5684042495,xylophone,4,0.5,3
5684042495,xylophone,5,0.75,3
5684042495,trumpet,1,0.25,3
5684042495,trumpet,2,0.375,3
5684042495,trumpet,3,0.375,3
5684042495,trumpet,4,0.25,3
5684042495,trumpet,5,0.375,3
5684042495,piano,1,0.125,2
5684042495,piano,2,0.375,2
5684042495,piano,3,0.375,2
5684042495,piano,4,0.25,2
5684042495,piano,5,0.25,2
5684042495,violin,1,0.375,2
5684042495,violin,2,0.5,2
5684042495,violin,3,0,2
5684042495,violin,4,0.25,2
5684042495,violin,5,0.25,2
5684042495,oboe,1,0.375,3
5684042495,oboe,2,0.25,3
5684042495,oboe,3,0.25,3
5684042495,oboe,4,0.25,3
5684042495,oboe,5,0.375,3
6050072818,xylophone,1,0,4
6050072818,xylophone,2,0.25,4
6050072818,xylophone,3,0.25,4
6050072818,xylophone,4,0.375,4
6050072818,xylophone,5,0.75,4
6050072818,trumpet,1,0.125,1
6050072818,trumpet,2,0,1
6050072818,trumpet,3,0.625,1
6050072818,trumpet,4,0.5,1
6050072818,trumpet,5,0.25,1
6050072818,piano,1,0,4
6050072818,piano,2,0.625,4
6050072818,piano,3,0.5,4
6050072818,piano,4,0.75,4
6050072818,piano,5,1,4
6050072818,violin,1,0.5,3
6050072818,violin,2,0.625,3
6050072818,violin,3,0.75,3
6050072818,violin,4,0.875,3
6050072818,violin,5,1,3
6050072818,oboe,1,0,1
6050072818,oboe,2,0,1
6050072818,oboe,3,0.125,1
6050072818,oboe,4,0.125,1
6050072818,oboe,5,0.125,1
6141459621,xylophone,1,0.5,2
6141459621,xylophone,2,0.625,2
6141459621,xylophone,3,1,2
6141459621,xylophone,4,1,2
6141459621,xylophone,5,1,2
6141459621,trumpet,1,0.125,3
6141459621,trumpet,2,0.125,3
6141459621,trumpet,3,0.75,3
6141459621,trumpet,4,1,3
6141459621,trumpet,5,0.625,3
6141459621,piano,1,0.625,2
6141459621,piano,2,0.5,2
6141459621,piano,3,0.75,2
6141459621,piano,4,0.875,2
6141459621,piano,5,1,2
6141459621,violin,1,0,1
6141459621,violin,2,0,1
6141459621,violin,3,0.625,1
6141459621,violin,4,0.25,1
6141459621,violin,5,0.625,1
6141459621,oboe,1,0,3
6141459621,oboe,2,0.25,3
6141459621,oboe,3,0.375,3
6141459621,oboe,4,0.25,3
6141459621,oboe,5,0.5,3
6323213291,xylophone,1,0,1
6323213291,xylophone,2,0,1
6323213291,xylophone,3,0.25,1
6323213291,xylophone,4,1,1
6323213291,xylophone,5,1,1
6323213291,trumpet,1,0,1
6323213291,trumpet,2,0,1
6323213291,trumpet,3,0,1
6323213291,trumpet,4,1,1
6323213291,trumpet,5,1,1
6323213291,piano,1,0,2
6323213291,piano,2,0,2
6323213291,piano,3,0.125,2
6323213291,piano,4,0.875,2
6323213291,piano,5,1,2
6323213291,violin,1,0,2
6323213291,violin,2,0,2
6323213291,violin,3,0.125,2
6323213291,violin,4,0.875,2
6323213291,violin,5,1,2
6323213291,oboe,1,0,2
6323213291,oboe,2,0,2
6323213291,oboe,3,0,2
6323213291,oboe,4,1,2
6323213291,oboe,5,1,2
6444402078,xylophone,1,0,4
6444402078,xylophone,2,0,4
6444402078,xylophone,3,0.375,4
6444402078,xylophone,4,1,4
6444402078,xylophone,5,1,4
6444402078,trumpet,1,0,3
6444402078,trumpet,2,0,3
6444402078,trumpet,3,0.375,3
6444402078,trumpet,4,0.875,3
6444402078,trumpet,5,1,3
6444402078,piano,1,0,4
6444402078,piano,2,0,4
6444402078,piano,3,0,4
6444402078,piano,4,1,4
6444402078,piano,5,1,4
6444402078,violin,1,0,3
6444402078,violin,2,0,3
6444402078,violin,3,0.5,3
6444402078,violin,4,0.875,3
6444402078,violin,5,1,3
6444402078,oboe,1,0,3
6444402078,oboe,2,0,3
6444402078,oboe,3,0,3
6444402078,oboe,4,0.625,3
6444402078,oboe,5,1,3
6559157051,xylophone,1,0,3
6559157051,xylophone,2,0,3
6559157051,xylophone,3,0.5,3
6559157051,xylophone,4,1,3
6559157051,xylophone,5,1,3
6559157051,trumpet,1,0,2
6559157051,trumpet,2,0,2
6559157051,trumpet,3,0.75,2
6559157051,trumpet,4,1,2
6559157051,trumpet,5,1,2
6559157051,piano,1,0,3
6559157051,piano,2,0,3
6559157051,piano,3,0.375,3
6559157051,piano,4,1,3
6559157051,piano,5,1,3
6559157051,violin,1,0,2
6559157051,violin,2,0.125,2
6559157051,violin,3,0.75,2
6559157051,violin,4,1,2
6559157051,violin,5,0.875,2
6559157051,oboe,1,0,3
6559157051,oboe,2,0,3
6559157051,oboe,3,0.625,3
6559157051,oboe,4,1,3
6559157051,oboe,5,1,3
6783315289,xylophone,1,0.625,2
6783315289,xylophone,2,0.5,2
6783315289,xylophone,3,0.375,2
6783315289,xylophone,4,0.75,2
6783315289,xylophone,5,0.5,2
6783315289,trumpet,1,0.625,4
6783315289,trumpet,2,0.75,4
6783315289,trumpet,3,0.75,4
6783315289,trumpet,4,0.5,4
6783315289,trumpet,5,0.625,4
6783315289,piano,1,0.625,3
6783315289,piano,2,0.75,3
6783315289,piano,3,0.625,3
6783315289,piano,4,0.625,3
6783315289,piano,5,0.25,3
6783315289,violin,1,0.625,3
6783315289,violin,2,0.75,3
6783315289,violin,3,0.75,3
6783315289,violin,4,0.625,3
6783315289,violin,5,0.75,3
6783315289,oboe,1,0.25,1
6783315289,oboe,2,0.375,1
6783315289,oboe,3,0.75,1
6783315289,oboe,4,0.75,1
6783315289,oboe,5,0.5,1
6819144283,xylophone,1,0.375,3
6819144283,xylophone,2,0.25,3
6819144283,xylophone,3,0.625,3
6819144283,xylophone,4,1,3
6819144283,xylophone,5,1,3
6819144283,trumpet,1,0.125,3
6819144283,trumpet,2,0.125,3
6819144283,trumpet,3,0.625,3
6819144283,trumpet,4,0.875,3
6819144283,trumpet,5,1,3
6819144283,piano,1,0.25,2
6819144283,piano,2,0.25,2
6819144283,piano,3,0.5,2
6819144283,piano,4,1,2
6819144283,piano,5,1,2
6819144283,violin,1,0.25,2
6819144283,violin,2,0.125,2
6819144283,violin,3,0.5,2
6819144283,violin,4,0.875,2
6819144283,violin,5,1,2
6819144283,oboe,1,0.125,3
6819144283,oboe,2,0.25,3
6819144283,oboe,3,0.625,3
6819144283,oboe,4,0.75,3
6819144283,oboe,5,1,3
7263097562,xylophone,1,0,3
7263097562,xylophone,2,0,3
7263097562,xylophone,3,0.125,3
7263097562,xylophone,4,1,3
7263097562,xylophone,5,1,3
7263097562,trumpet,1,0,3
7263097562,trumpet,2,0,3
7263097562,trumpet,3,0.125,3
7263097562,trumpet,4,1,3
7263097562,trumpet,5,1,3
7263097562,piano,1,0,3
7263097562,piano,2,0.125,3
7263097562,piano,3,0,3
7263097562,piano,4,0.375,3
7263097562,piano,5,1,3
7263097562,violin,1,0,2
7263097562,violin,2,0.25,2
7263097562,violin,3,0.125,2
7263097562,violin,4,0.75,2
7263097562,violin,5,1,2
7263097562,oboe,1,0,3
7263097562,oboe,2,0,3
7263097562,oboe,3,0,3
7263097562,oboe,4,0.75,3
7263097562,oboe,5,1,3
7404697358,xylophone,1,0.125,2
7404697358,xylophone,2,0.125,2
7404697358,xylophone,3,0.5,2
7404697358,xylophone,4,0.875,2
7404697358,xylophone,5,0.875,2
7404697358,trumpet,1,0,4
7404697358,trumpet,2,0.125,4
7404697358,trumpet,3,0.5,4
7404697358,trumpet,4,1,4
7404697358,trumpet,5,1,4
7404697358,piano,1,0,3
7404697358,piano,2,0,3
7404697358,piano,3,0.375,3
7404697358,piano,4,1,3
7404697358,piano,5,1,3
7404697358,violin,1,0,3
7404697358,violin,2,0,3
7404697358,violin,3,0.125,3
7404697358,violin,4,1,3
7404697358,violin,5,1,3
7404697358,oboe,1,0,3
7404697358,oboe,2,0,3
7404697358,oboe,3,0,3
7404697358,oboe,4,0.375,3
7404697358,oboe,5,0.875,3
7507206303,xylophone,1,0.625,3
7507206303,xylophone,2,0.75,3
7507206303,xylophone,3,1,3
7507206303,xylophone,4,1,3
7507206303,xylophone,5,1,3
7507206303,trumpet,1,0.125,3
7507206303,trumpet,2,0.25,3
7507206303,trumpet,3,0.625,3
7507206303,trumpet,4,1,3
7507206303,trumpet,5,1,3
7507206303,piano,1,0.5,3
7507206303,piano,2,0.5,3
7507206303,piano,3,0.25,3
7507206303,piano,4,1,3
7507206303,piano,5,1,3
7507206303,violin,1,0,2
7507206303,violin,2,0.25,2
7507206303,violin,3,0.75,2
7507206303,violin,4,1,2
7507206303,violin,5,0.875,2
7507206303,oboe,1,0,3
7507206303,oboe,2,0,3
7507206303,oboe,3,0.5,3
7507206303,oboe,4,0.875,3
7507206303,oboe,5,1,3
7516178077,xylophone,1,0.375,1
7516178077,xylophone,2,0.5,1
7516178077,xylophone,3,0.875,1
7516178077,xylophone,4,1,1
7516178077,xylophone,5,1,1
7516178077,trumpet,1,0,2
7516178077,trumpet,2,0,2
7516178077,trumpet,3,0.25,2
7516178077,trumpet,4,0.875,2
7516178077,trumpet,5,0.5,2
7516178077,piano,1,0.125,2
7516178077,piano,2,0.125,2
7516178077,piano,3,0.75,2
7516178077,piano,4,1,2
7516178077,piano,5,1,2
7516178077,violin,1,0.125,2
7516178077,violin,2,0,2
7516178077,violin,3,0.625,2
7516178077,violin,4,0.875,2
7516178077,violin,5,0.75,2
7516178077,oboe,1,0,2
7516178077,oboe,2,0,2
7516178077,oboe,3,0,2
7516178077,oboe,4,0.625,2
7516178077,oboe,5,0.5,2
7849985568,xylophone,1,0,3
7849985568,xylophone,2,0,3
7849985568,xylophone,3,0,3
7849985568,xylophone,4,0.875,3
7849985568,xylophone,5,1,3
7849985568,trumpet,1,0,3
7849985568,trumpet,2,0,3
7849985568,trumpet,3,0,3
7849985568,trumpet,4,0.875,3
7849985568,trumpet,5,1,3
7849985568,piano,1,0.125,3
7849985568,piano,2,0,3
7849985568,piano,3,0,3
7849985568,piano,4,0.5,3
7849985568,piano,5,1,3
7849985568,violin,1,0,3
7849985568,violin,2,0,3
7849985568,violin,3,0,3
7849985568,violin,4,0.5,3
7849985568,violin,5,0.875,3
7849985568,oboe,1,0.125,3
7849985568,oboe,2,0,3
7849985568,oboe,3,0,3
7849985568,oboe,4,0.625,3
7849985568,oboe,5,1,3
8017703570,xylophone,1,0.75,3
8017703570,xylophone,2,0.875,3
8017703570,xylophone,3,0.875,3
8017703570,xylophone,4,1,3
8017703570,xylophone,5,1,3
8017703570,trumpet,1,0.375,4
8017703570,trumpet,2,0.25,4
8017703570,trumpet,3,0.5,4
8017703570,trumpet,4,0.875,4
8017703570,trumpet,5,0.5,4
8017703570,piano,1,0.125,2
8017703570,piano,2,0.25,2
8017703570,piano,3,0.5,2
8017703570,piano,4,0.75,2
8017703570,piano,5,0.625,2
8017703570,violin,1,0.25,3
8017703570,violin,2,0.625,3
8017703570,violin,3,0.625,3
8017703570,violin,4,0.875,3
8017703570,violin,5,0.875,3
8017703570,oboe,1,0.125,2
8017703570,oboe,2,0.125,2
8017703570,oboe,3,0.125,2
8017703570,oboe,4,0.5,2
8017703570,oboe,5,0.5,2
8089229725,xylophone,1,0,2
8089229725,xylophone,2,0.375,2
8089229725,xylophone,3,0.375,2
8089229725,xylophone,4,0.75,2
8089229725,xylophone,5,0.625,2
8089229725,trumpet,1,0,2
8089229725,trumpet,2,0.375,2
8089229725,trumpet,3,0.25,2
8089229725,trumpet,4,0.5,2
8089229725,trumpet,5,0.625,2
8089229725,piano,1,0,3
8089229725,piano,2,0.125,3
8089229725,piano,3,0.125,3
8089229725,piano,4,0.875,3
8089229725,piano,5,0.625,3
8089229725,violin,1,0.125,2
8089229725,violin,2,0.5,2
8089229725,violin,3,0.625,2
8089229725,violin,4,0.875,2
8089229725,violin,5,0.875,2
8089229725,oboe,1,0.125,2
8089229725,oboe,2,0.375,2
8089229725,oboe,3,0.375,2
8089229725,oboe,4,0.375,2
8089229725,oboe,5,0.625,2
9018846073,xylophone,1,0.5,2
9018846073,xylophone,2,0.75,2
9018846073,xylophone,3,1,2
9018846073,xylophone,4,1,2
9018846073,xylophone,5,1,2
9018846073,trumpet,1,0.25,3
9018846073,trumpet,2,0.625,3
9018846073,trumpet,3,0.75,3
9018846073,trumpet,4,1,3
9018846073,trumpet,5,1,3
9018846073,piano,1,0.375,4
9018846073,piano,2,0.375,4
9018846073,piano,3,0,4
9018846073,piano,4,1,4
9018846073,piano,5,1,4
9018846073,violin,1,0.75,2
9018846073,violin,2,0.625,2
9018846073,violin,3,0.75,2
9018846073,violin,4,1,2
9018846073,violin,5,1,2
9018846073,oboe,1,0.125,3
9018846073,oboe,2,0.5,3
9018846073,oboe,3,0.125,3
9018846073,oboe,4,0.625,3
9018846073,oboe,5,0.625,3
9065164044,xylophone,1,0.125,3
9065164044,xylophone,2,0.375,3
9065164044,xylophone,3,0.625,3
9065164044,xylophone,4,1,3
9065164044,xylophone,5,1,3
9065164044,trumpet,1,0.125,3
9065164044,trumpet,2,0.125,3
9065164044,trumpet,3,0.875,3
9065164044,trumpet,4,1,3
9065164044,trumpet,5,0.875,3
9065164044,piano,1,0.125,2
9065164044,piano,2,0.25,2
9065164044,piano,3,0.75,2
9065164044,piano,4,0.875,2
9065164044,piano,5,1,2
9065164044,violin,1,0.25,2
9065164044,violin,2,0.25,2
9065164044,violin,3,0.875,2
9065164044,violin,4,0.875,2
9065164044,violin,5,0.75,2
9065164044,oboe,1,0,2
9065164044,oboe,2,0.125,2
9065164044,oboe,3,0.25,2
9065164044,oboe,4,0.875,2
9065164044,oboe,5,1,2
9800773380,xylophone,1,0,3
9800773380,xylophone,2,0,3
9800773380,xylophone,3,0.5,3
9800773380,xylophone,4,0.875,3
9800773380,xylophone,5,0.875,3
9800773380,trumpet,1,0.125,2
9800773380,trumpet,2,0.125,2
9800773380,trumpet,3,0.625,2
9800773380,trumpet,4,1,2
9800773380,trumpet,5,1,2
9800773380,piano,1,0.125,2
9800773380,piano,2,0.125,2
9800773380,piano,3,0.5,2
9800773380,piano,4,1,2
9800773380,piano,5,1,2
9800773380,violin,1,0.25,1
9800773380,violin,2,0.125,1
9800773380,violin,3,0.25,1
9800773380,violin,4,1,1
9800773380,violin,5,1,1
9800773380,oboe,1,0,2
9800773380,oboe,2,0.125,2
9800773380,oboe,3,0.25,2
9800773380,oboe,4,0.875,2
9800773380,oboe,5,1,2
9969091032,xylophone,1,0.75,3
9969091032,xylophone,2,0.625,3
9969091032,xylophone,3,0.5,3
9969091032,xylophone,4,0.75,3
9969091032,xylophone,5,0.75,3
9969091032,trumpet,1,0,2
9969091032,trumpet,2,0.25,2
9969091032,trumpet,3,0.125,2
9969091032,trumpet,4,0.125,2
9969091032,trumpet,5,0.375,2
9969091032,piano,1,0.5,3
9969091032,piano,2,0.25,3
9969091032,piano,3,0.5,3
9969091032,piano,4,0.75,3
9969091032,piano,5,1,3
9969091032,violin,1,0,2
9969091032,violin,2,0,2
9969091032,violin,3,0.375,2
9969091032,violin,4,0.25,2
9969091032,violin,5,0.375,2
9969091032,oboe,1,0.25,2
9969091032,oboe,2,0.125,2
9969091032,oboe,3,0.375,2
9969091032,oboe,4,0.375,2
9969091032,oboe,5,0.375,2
